TIME,VASSETID,NRUNHOURDAY
2020-11-26T17:00:00Z,ACO.P1.A4.IT000.004,15.993
2020-11-27T17:00:00Z,ACO.P1.A4.IT000.004,23.996
2020-11-28T17:00:00Z,ACO.P1.A4.IT000.004,23.998
2020-11-29T17:00:00Z,ACO.P1.A4.IT000.004,23.997
2020-11-30T17:00:00Z,ACO.P1.A4.IT000.004,23.998
2020-12-01T17:00:00Z,ACO.P1.A4.IT000.004,23.997
2020-12-02T17:00:00Z,ACO.P1.A4.IT000.004,23.998
2020-12-03T17:00:00Z,ACO.P1.A4.IT000.004,7.999
2020-11-26T17:00:00Z,ACO.P1.A4.IT000.005,9.633
2020-11-27T17:00:00Z,ACO.P1.A4.IT000.005,0.0
2020-11-28T17:00:00Z,ACO.P1.A4.IT000.005,0.0
2020-11-29T17:00:00Z,ACO.P1.A4.IT000.005,14.605
2020-11-30T17:00:00Z,ACO.P1.A4.IT000.005,11.936
2020-12-01T17:00:00Z,ACO.P1.A4.IT000.005,11.467
2020-12-02T17:00:00Z,ACO.P1.A4.IT000.005,18.299
2020-12-03T17:00:00Z,ACO.P1.A4.IT000.005,8.005
2020-11-26T17:00:00Z,ACO.P1.A4.IT000.006,0.0
2020-11-27T17:00:00Z,ACO.P1.A4.IT000.006,0.0
2020-11-28T17:00:00Z,ACO.P1.A4.IT000.006,0.0
2020-11-29T17:00:00Z,ACO.P1.A4.IT000.006,6.958
2020-11-30T17:00:00Z,ACO.P1.A4.IT000.006,9.34
2020-12-01T17:00:00Z,ACO.P1.A4.IT000.006,7.317
2020-12-02T17:00:00Z,ACO.P1.A4.IT000.006,3.283
2020-12-03T17:00:00Z,ACO.P1.A4.IT000.006,0.0
2020-11-26T17:00:00Z,ACO.P1.A4.IT000.007,8.046
2020-11-27T17:00:00Z,ACO.P1.A4.IT000.007,0.0
2020-11-28T17:00:00Z,ACO.P1.A4.IT000.007,0.0
2020-11-29T17:00:00Z,ACO.P1.A4.IT000.007,1.871
2020-11-30T17:00:00Z,ACO.P1.A4.IT000.007,1.668
2020-12-01T17:00:00Z,ACO.P1.A4.IT000.007,1.862
2020-12-02T17:00:00Z,ACO.P1.A4.IT000.007,1.835
2020-12-03T17:00:00Z,ACO.P1.A4.IT000.007,0.0
2020-11-26T17:00:00Z,ACO.P1.A4.IT000.008,9.907
2020-11-27T17:00:00Z,ACO.P1.A4.IT000.008,0.0
2020-11-28T17:00:00Z,ACO.P1.A4.IT000.008,0.0
2020-11-29T17:00:00Z,ACO.P1.A4.IT000.008,9.383
2020-11-30T17:00:00Z,ACO.P1.A4.IT000.008,9.461
2020-12-01T17:00:00Z,ACO.P1.A4.IT000.008,9.942
2020-12-02T17:00:00Z,ACO.P1.A4.IT000.008,10.585
2020-12-03T17:00:00Z,ACO.P1.A4.IT000.008,0.0
2020-11-26T17:00:00Z,ACO.P1.A4.SI000.009,15.993
2020-11-27T17:00:00Z,ACO.P1.A4.SI000.009,7.668
2020-11-28T17:00:00Z,ACO.P1.A4.SI000.009,0.0
2020-11-29T17:00:00Z,ACO.P1.A4.SI000.009,11.05
2020-11-30T17:00:00Z,ACO.P1.A4.SI000.009,12.011
2020-12-01T17:00:00Z,ACO.P1.A4.SI000.009,11.192
2020-12-02T17:00:00Z,ACO.P1.A4.SI000.009,10.878
2020-12-03T17:00:00Z,ACO.P1.A4.SI000.009,1.675
2020-11-26T17:00:00Z,ACO.P1.A4.SI000.010,15.989
2020-11-27T17:00:00Z,ACO.P1.A4.SI000.010,7.669
2020-11-28T17:00:00Z,ACO.P1.A4.SI000.010,0.0
2020-11-29T17:00:00Z,ACO.P1.A4.SI000.010,11.054
2020-11-30T17:00:00Z,ACO.P1.A4.SI000.010,17.581
2020-12-01T17:00:00Z,ACO.P1.A4.SI000.010,17.693
2020-12-02T17:00:00Z,ACO.P1.A4.SI000.010,17.337
2020-12-03T17:00:00Z,ACO.P1.A4.SI000.010,8.001
2020-11-27T17:00:00Z,ACO.P1.A4.SI000.011,1.648
2020-11-28T17:00:00Z,ACO.P1.A4.SI000.011,0.0
2020-11-29T17:00:00Z,ACO.P1.A4.SI000.011,11.061
2020-11-30T17:00:00Z,ACO.P1.A4.SI000.011,0.0
2020-12-01T17:00:00Z,ACO.P1.A4.SI000.011,0.0
2020-12-02T17:00:00Z,ACO.P1.A4.SI000.011,2.528
2020-12-03T17:00:00Z,ACO.P1.A4.SI000.011,1.665
2020-11-26T17:00:00Z,ACO.P1.A4.SI000.012,15.992
2020-11-27T17:00:00Z,ACO.P1.A4.SI000.012,7.668
2020-11-28T17:00:00Z,ACO.P1.A4.SI000.012,0.0
2020-11-29T17:00:00Z,ACO.P1.A4.SI000.012,11.07
2020-11-30T17:00:00Z,ACO.P1.A4.SI000.012,12.011
2020-12-01T17:00:00Z,ACO.P1.A4.SI000.012,17.504
2020-12-02T17:00:00Z,ACO.P1.A4.SI000.012,17.261
2020-12-03T17:00:00Z,ACO.P1.A4.SI000.012,1.675
2020-11-26T17:00:00Z,ACO.P1.A4.SI000.013,14.967
2020-11-27T17:00:00Z,ACO.P1.A4.SI000.013,0.0
2020-11-28T17:00:00Z,ACO.P1.A4.SI000.013,0.0
2020-11-29T17:00:00Z,ACO.P1.A4.SI000.013,17.215
2020-11-30T17:00:00Z,ACO.P1.A4.SI000.013,22.561
2020-12-01T17:00:00Z,ACO.P1.A4.SI000.013,0.0
2020-12-02T17:00:00Z,ACO.P1.A4.SI000.013,13.848
2020-12-03T17:00:00Z,ACO.P1.A4.SI000.013,1.123
2020-11-26T17:00:00Z,ACO.P1.A4.SI000.014,14.967
2020-11-27T17:00:00Z,ACO.P1.A4.SI000.014,0.0
2020-11-28T17:00:00Z,ACO.P1.A4.SI000.014,0.0
2020-11-29T17:00:00Z,ACO.P1.A4.SI000.014,17.212
2020-11-30T17:00:00Z,ACO.P1.A4.SI000.014,22.564
2020-12-01T17:00:00Z,ACO.P1.A4.SI000.014,14.517
2020-12-02T17:00:00Z,ACO.P1.A4.SI000.014,17.081
2020-12-03T17:00:00Z,ACO.P1.A4.SI000.014,7.951
2020-11-26T17:00:00Z,ACO.P1.A4.SI000.015,0.0
2020-11-27T17:00:00Z,ACO.P1.A4.SI000.015,0.0
2020-11-28T17:00:00Z,ACO.P1.A4.SI000.015,0.0
2020-11-29T17:00:00Z,ACO.P1.A4.SI000.015,17.212
2020-11-30T17:00:00Z,ACO.P1.A4.SI000.015,5.417
2020-12-01T17:00:00Z,ACO.P1.A4.SI000.015,16.034
2020-12-02T17:00:00Z,ACO.P1.A4.SI000.015,22.824
2020-12-03T17:00:00Z,ACO.P1.A4.SI000.015,6.0
2020-11-26T17:00:00Z,ACO.P1.A4.SI000.016,0.0
2020-11-27T17:00:00Z,ACO.P1.A4.SI000.016,0.0
2020-11-28T17:00:00Z,ACO.P1.A4.SI000.016,0.0
2020-11-29T17:00:00Z,ACO.P1.A4.SI000.016,14.788
2020-11-30T17:00:00Z,ACO.P1.A4.SI000.016,12.725
2020-12-01T17:00:00Z,ACO.P1.A4.SI000.016,13.488
2020-12-02T17:00:00Z,ACO.P1.A4.SI000.016,13.91
2020-12-03T17:00:00Z,ACO.P1.A4.SI000.016,1.127
2020-11-26T17:00:00Z,ACO.P1.A4.SI000.017,14.967
2020-11-27T17:00:00Z,ACO.P1.A4.SI000.017,0.0
2020-11-28T17:00:00Z,ACO.P1.A4.SI000.017,0.0
2020-11-29T17:00:00Z,ACO.P1.A4.SI000.017,17.204
2020-11-30T17:00:00Z,ACO.P1.A4.SI000.017,22.561
2020-12-01T17:00:00Z,ACO.P1.A4.SI000.017,14.518
2020-12-02T17:00:00Z,ACO.P1.A4.SI000.017,13.861
2020-12-03T17:00:00Z,ACO.P1.A4.SI000.017,0.0
2020-11-26T17:00:00Z,ACO.P1.B1.SECP1.035,9.966
2020-11-27T17:00:00Z,ACO.P1.B1.SECP1.035,11.969
2020-11-28T17:00:00Z,ACO.P1.B1.SECP1.035,11.966
2020-11-29T17:00:00Z,ACO.P1.B1.SECP1.035,11.966
2020-11-30T17:00:00Z,ACO.P1.B1.SECP1.035,11.969
2020-12-01T17:00:00Z,ACO.P1.B1.SECP1.035,9.756
2020-12-02T17:00:00Z,ACO.P1.B1.SECP1.035,11.969
2020-12-03T17:00:00Z,ACO.P1.B1.SECP1.035,1.999
2020-11-26T17:00:00Z,ACO.P1.B1.SECP1.036,15.986
2020-11-27T17:00:00Z,ACO.P1.B1.SECP1.036,23.997
2020-11-28T17:00:00Z,ACO.P1.B1.SECP1.036,23.997
2020-11-29T17:00:00Z,ACO.P1.B1.SECP1.036,23.996
2020-11-30T17:00:00Z,ACO.P1.B1.SECP1.036,17.765
2020-12-01T17:00:00Z,ACO.P1.B1.SECP1.036,17.499
2020-12-02T17:00:00Z,ACO.P1.B1.SECP1.036,24.0
2020-12-03T17:00:00Z,ACO.P1.B1.SECP1.036,7.164
2020-11-26T17:00:00Z,ACO.P1.B1.SECP1.038,0.0
2020-11-27T17:00:00Z,ACO.P1.B1.SECP1.038,0.0
2020-11-28T17:00:00Z,ACO.P1.B1.SECP1.038,0.0
2020-11-29T17:00:00Z,ACO.P1.B1.SECP1.038,0.0
2020-11-30T17:00:00Z,ACO.P1.B1.SECP1.038,0.0
2020-12-01T17:00:00Z,ACO.P1.B1.SECP1.038,0.48
2020-12-02T17:00:00Z,ACO.P1.B1.SECP1.038,0.0
2020-12-03T17:00:00Z,ACO.P1.B1.SECP1.038,0.0
2020-11-26T17:00:00Z,ACO.P1.B1.SECP1.039,15.986
2020-11-27T17:00:00Z,ACO.P1.B1.SECP1.039,23.996
2020-11-28T17:00:00Z,ACO.P1.B1.SECP1.039,23.999
2020-11-29T17:00:00Z,ACO.P1.B1.SECP1.039,23.996
2020-11-30T17:00:00Z,ACO.P1.B1.SECP1.039,23.998
2020-12-01T17:00:00Z,ACO.P1.B1.SECP1.039,23.995
2020-12-02T17:00:00Z,ACO.P1.B1.SECP1.039,24.0
2020-12-03T17:00:00Z,ACO.P1.B1.SECP1.039,8.005
2020-11-26T17:00:00Z,ACO.P1.B2.MDE00.005,7.427
2020-11-29T17:00:00Z,ACO.P1.B2.MDE00.005,1.738
2020-11-30T17:00:00Z,ACO.P1.B2.MDE00.005,3.845
2020-12-01T17:00:00Z,ACO.P1.B2.MDE00.005,6.271
2020-12-02T17:00:00Z,ACO.P1.B2.MDE00.005,11.552
2020-11-26T17:00:00Z,ACO.P1.B2.MDE00.034,0.0
2020-11-27T17:00:00Z,ACO.P1.B2.MDE00.034,0.0
2020-11-28T17:00:00Z,ACO.P1.B2.MDE00.034,0.0
2020-11-29T17:00:00Z,ACO.P1.B2.MDE00.034,0.0
2020-11-30T17:00:00Z,ACO.P1.B2.MDE00.034,15.129
2020-12-01T17:00:00Z,ACO.P1.B2.MDE00.034,16.678
2020-12-02T17:00:00Z,ACO.P1.B2.MDE00.034,0.0
2020-12-03T17:00:00Z,ACO.P1.B2.MDE00.034,0.0
2020-11-27T17:00:00Z,ACO.P1.B2.MDE00.035,1.395
2020-11-28T17:00:00Z,ACO.P1.B2.MDE00.035,0.0
2020-11-29T17:00:00Z,ACO.P1.B2.MDE00.035,12.025
2020-11-30T17:00:00Z,ACO.P1.B2.MDE00.035,17.323
2020-12-01T17:00:00Z,ACO.P1.B2.MDE00.035,18.079
2020-12-02T17:00:00Z,ACO.P1.B2.MDE00.035,11.572
2020-12-03T17:00:00Z,ACO.P1.B2.MDE00.035,1.298
2020-11-26T17:00:00Z,ACO.P1.B2.MDE00.036,11.047
2020-11-27T17:00:00Z,ACO.P1.B2.MDE00.036,1.413
2020-11-28T17:00:00Z,ACO.P1.B2.MDE00.036,0.0
2020-11-29T17:00:00Z,ACO.P1.B2.MDE00.036,11.997
2020-11-30T17:00:00Z,ACO.P1.B2.MDE00.036,17.323
2020-12-01T17:00:00Z,ACO.P1.B2.MDE00.036,18.072
2020-12-02T17:00:00Z,ACO.P1.B2.MDE00.036,9.111
2020-12-03T17:00:00Z,ACO.P1.B2.MDE00.036,1.295
2020-11-26T17:00:00Z,ACO.P1.B2.SECP1.030,3.874
2020-11-27T17:00:00Z,ACO.P1.B2.SECP1.030,7.637
2020-11-28T17:00:00Z,ACO.P1.B2.SECP1.030,9.522
2020-11-29T17:00:00Z,ACO.P1.B2.SECP1.030,10.175
2020-11-30T17:00:00Z,ACO.P1.B2.SECP1.030,11.967
2020-12-01T17:00:00Z,ACO.P1.B2.SECP1.030,11.967
2020-12-02T17:00:00Z,ACO.P1.B2.SECP1.030,11.17
2020-12-03T17:00:00Z,ACO.P1.B2.SECP1.030,0.0
2020-11-26T17:00:00Z,ACO.P1.C2.EO100.022,8.714
2020-11-27T17:00:00Z,ACO.P1.C2.EO100.022,0.0
2020-11-28T17:00:00Z,ACO.P1.C2.EO100.022,0.0
2020-11-29T17:00:00Z,ACO.P1.C2.EO100.022,10.345
2020-11-30T17:00:00Z,ACO.P1.C2.EO100.022,10.115
2020-12-01T17:00:00Z,ACO.P1.C2.EO100.022,9.767
2020-12-02T17:00:00Z,ACO.P1.C2.EO100.022,7.23
2020-12-03T17:00:00Z,ACO.P1.C2.EO100.022,0.88
2020-11-26T17:00:00Z,ACO.P1.C2.GAEO1.001,10.21
2020-11-27T17:00:00Z,ACO.P1.C2.GAEO1.001,7.292
2020-11-29T17:00:00Z,ACO.P1.C2.GAEO1.001,12.104
2020-11-30T17:00:00Z,ACO.P1.C2.GAEO1.001,12.281
2020-12-01T17:00:00Z,ACO.P1.C2.GAEO1.001,12.229
2020-12-02T17:00:00Z,ACO.P1.C2.GAEO1.001,11.911
2020-12-03T17:00:00Z,ACO.P1.C2.GAEO1.001,1.815
2020-11-26T17:00:00Z,ACO.P1.C2.GAEO1.006,8.037
2020-11-29T17:00:00Z,ACO.P1.C2.GAEO1.006,14.96
2020-11-30T17:00:00Z,ACO.P1.C2.GAEO1.006,16.148
2020-12-01T17:00:00Z,ACO.P1.C2.GAEO1.006,7.444
2020-12-02T17:00:00Z,ACO.P1.C2.GAEO1.006,6.338
2020-12-03T17:00:00Z,ACO.P1.C2.GAEO1.006,0.183
2020-11-26T17:00:00Z,ACO.P1.C2.GAEO1.007,15.1
2020-11-27T17:00:00Z,ACO.P1.C2.GAEO1.007,23.683
2020-11-28T17:00:00Z,ACO.P1.C2.GAEO1.007,23.997
2020-11-29T17:00:00Z,ACO.P1.C2.GAEO1.007,23.943
2020-11-30T17:00:00Z,ACO.P1.C2.GAEO1.007,23.894
2020-12-01T17:00:00Z,ACO.P1.C2.GAEO1.007,23.936
2020-12-02T17:00:00Z,ACO.P1.C2.GAEO1.007,23.942
2020-12-03T17:00:00Z,ACO.P1.C2.GAEO1.007,8.002
2020-11-26T17:00:00Z,ACO.P1.C2.HC000.002,9.108
2020-11-27T17:00:00Z,ACO.P1.C2.HC000.002,0.0
2020-11-28T17:00:00Z,ACO.P1.C2.HC000.002,0.0
2020-11-29T17:00:00Z,ACO.P1.C2.HC000.002,10.335
2020-11-30T17:00:00Z,ACO.P1.C2.HC000.002,10.439
2020-12-01T17:00:00Z,ACO.P1.C2.HC000.002,10.45
2020-12-02T17:00:00Z,ACO.P1.C2.HC000.002,10.219
2020-12-03T17:00:00Z,ACO.P1.C2.HC000.002,1.797
2020-11-26T17:00:00Z,ACO.P1.C2.HC000.003,9.106
2020-11-27T17:00:00Z,ACO.P1.C2.HC000.003,0.0
2020-11-28T17:00:00Z,ACO.P1.C2.HC000.003,0.0
2020-11-29T17:00:00Z,ACO.P1.C2.HC000.003,8.031
2020-11-30T17:00:00Z,ACO.P1.C2.HC000.003,4.536
2020-12-01T17:00:00Z,ACO.P1.C2.HC000.003,7.293
2020-12-02T17:00:00Z,ACO.P1.C2.HC000.003,6.149
2020-12-03T17:00:00Z,ACO.P1.C2.HC000.003,1.577
2020-11-26T17:00:00Z,ACO.P1.C2.IT000.008,12.233
2020-11-27T17:00:00Z,ACO.P1.C2.IT000.008,15.174
2020-11-28T17:00:00Z,ACO.P1.C2.IT000.008,12.184
2020-11-29T17:00:00Z,ACO.P1.C2.IT000.008,11.655
2020-11-30T17:00:00Z,ACO.P1.C2.IT000.008,16.725
2020-12-01T17:00:00Z,ACO.P1.C2.IT000.008,16.871
2020-12-02T17:00:00Z,ACO.P1.C2.IT000.008,7.782
2020-12-03T17:00:00Z,ACO.P1.C2.IT000.008,1.689
2020-11-26T17:00:00Z,ACO.P1.C2.IT000.009,15.975
2020-11-27T17:00:00Z,ACO.P1.C2.IT000.009,23.999
2020-11-28T17:00:00Z,ACO.P1.C2.IT000.009,23.997
2020-11-29T17:00:00Z,ACO.P1.C2.IT000.009,23.997
2020-11-30T17:00:00Z,ACO.P1.C2.IT000.009,23.999
2020-12-01T17:00:00Z,ACO.P1.C2.IT000.009,23.995
2020-12-02T17:00:00Z,ACO.P1.C2.IT000.009,23.845
2020-12-03T17:00:00Z,ACO.P1.C2.IT000.009,8.005
2020-11-26T17:00:00Z,ACO.P1.C2.IT000.010,8.008
2020-11-29T17:00:00Z,ACO.P1.C2.IT000.010,5.575
2020-11-30T17:00:00Z,ACO.P1.C2.IT000.010,9.676
2020-12-01T17:00:00Z,ACO.P1.C2.IT000.010,8.0
2020-12-02T17:00:00Z,ACO.P1.C2.IT000.010,8.515
2020-12-03T17:00:00Z,ACO.P1.C2.IT000.010,0.245
2020-11-26T17:00:00Z,ACO.P1.C2.IT000.011,6.661
2020-11-27T17:00:00Z,ACO.P1.C2.IT000.011,0.0
2020-11-28T17:00:00Z,ACO.P1.C2.IT000.011,0.0
2020-11-29T17:00:00Z,ACO.P1.C2.IT000.011,17.521
2020-11-30T17:00:00Z,ACO.P1.C2.IT000.011,16.592
2020-12-01T17:00:00Z,ACO.P1.C2.IT000.011,7.018
2020-12-02T17:00:00Z,ACO.P1.C2.IT000.011,9.939
2020-12-03T17:00:00Z,ACO.P1.C2.IT000.011,0.0
2020-11-26T17:00:00Z,ACO.P1.C2.IT000.012,15.988
2020-11-27T17:00:00Z,ACO.P1.C2.IT000.012,23.997
2020-11-28T17:00:00Z,ACO.P1.C2.IT000.012,23.998
2020-11-29T17:00:00Z,ACO.P1.C2.IT000.012,23.992
2020-11-30T17:00:00Z,ACO.P1.C2.IT000.012,17.796
2020-12-01T17:00:00Z,ACO.P1.C2.IT000.012,8.565
2020-12-02T17:00:00Z,ACO.P1.C2.IT000.012,10.858
2020-12-03T17:00:00Z,ACO.P1.C2.IT000.012,0.0
2020-11-26T17:00:00Z,ACO.P1.C2.IT000.017,10.287
2020-11-27T17:00:00Z,ACO.P1.C2.IT000.017,0.0
2020-11-28T17:00:00Z,ACO.P1.C2.IT000.017,0.0
2020-11-29T17:00:00Z,ACO.P1.C2.IT000.017,6.569
2020-11-30T17:00:00Z,ACO.P1.C2.IT000.017,12.296
2020-12-01T17:00:00Z,ACO.P1.C2.IT000.017,10.714
2020-12-02T17:00:00Z,ACO.P1.C2.IT000.017,1.238
2020-12-03T17:00:00Z,ACO.P1.C2.IT000.017,0.527
2020-11-26T17:00:00Z,ACO.P1.H1.FPR00.010,7.82
2020-11-27T17:00:00Z,ACO.P1.H1.FPR00.010,0.0
2020-11-28T17:00:00Z,ACO.P1.H1.FPR00.010,0.0
2020-11-29T17:00:00Z,ACO.P1.H1.FPR00.010,9.555
2020-11-30T17:00:00Z,ACO.P1.H1.FPR00.010,15.701
2020-12-01T17:00:00Z,ACO.P1.H1.FPR00.010,9.777
2020-12-02T17:00:00Z,ACO.P1.H1.FPR00.010,14.392
2020-12-03T17:00:00Z,ACO.P1.H1.FPR00.010,1.794
2020-11-27T17:00:00Z,ACO.P1.H1.FPR00.011,0.0
2020-11-28T17:00:00Z,ACO.P1.H1.FPR00.011,8.867
2020-11-29T17:00:00Z,ACO.P1.H1.FPR00.011,16.704
2020-11-30T17:00:00Z,ACO.P1.H1.FPR00.011,15.078
2020-12-01T17:00:00Z,ACO.P1.H1.FPR00.011,16.653
2020-12-02T17:00:00Z,ACO.P1.H1.FPR00.011,10.68
2020-12-03T17:00:00Z,ACO.P1.H1.FPR00.011,1.182
2020-11-26T17:00:00Z,ACO.P1.H1.FPR00.013,12.773
2020-11-27T17:00:00Z,ACO.P1.H1.FPR00.013,6.984
2020-11-28T17:00:00Z,ACO.P1.H1.FPR00.013,7.646
2020-11-29T17:00:00Z,ACO.P1.H1.FPR00.013,16.203
2020-11-30T17:00:00Z,ACO.P1.H1.FPR00.013,15.876
2020-12-01T17:00:00Z,ACO.P1.H1.FPR00.013,16.453
2020-12-02T17:00:00Z,ACO.P1.H1.FPR00.013,16.769
2020-12-03T17:00:00Z,ACO.P1.H1.FPR00.013,1.847
2020-11-26T17:00:00Z,ACO.P1.H1.GAE01.041,3.639
2020-11-27T17:00:00Z,ACO.P1.H1.GAE01.041,5.768
2020-11-28T17:00:00Z,ACO.P1.H1.GAE01.041,2.963
2020-11-29T17:00:00Z,ACO.P1.H1.GAE01.041,4.614
2020-11-30T17:00:00Z,ACO.P1.H1.GAE01.041,3.29
2020-12-01T17:00:00Z,ACO.P1.H1.GAE01.041,11.947
2020-12-02T17:00:00Z,ACO.P1.H1.GAE01.041,14.793
2020-12-03T17:00:00Z,ACO.P1.H1.GAE01.041,3.99
2020-11-26T17:00:00Z,ACO.P1.H1.GAEO1.014,15.994
2020-11-27T17:00:00Z,ACO.P1.H1.GAEO1.014,17.24
2020-11-28T17:00:00Z,ACO.P1.H1.GAEO1.014,0.0
2020-11-29T17:00:00Z,ACO.P1.H1.GAEO1.014,17.773
2020-11-30T17:00:00Z,ACO.P1.H1.GAEO1.014,21.749
2020-12-01T17:00:00Z,ACO.P1.H1.GAEO1.014,23.986
2020-12-02T17:00:00Z,ACO.P1.H1.GAEO1.014,18.718
2020-12-03T17:00:00Z,ACO.P1.H1.GAEO1.014,1.718
2020-11-26T17:00:00Z,ACO.P1.H1.GAEO1.015,9.6
2020-11-27T17:00:00Z,ACO.P1.H1.GAEO1.015,9.425
2020-11-28T17:00:00Z,ACO.P1.H1.GAEO1.015,0.0
2020-11-29T17:00:00Z,ACO.P1.H1.GAEO1.015,0.0
2020-11-30T17:00:00Z,ACO.P1.H1.GAEO1.015,10.364
2020-12-01T17:00:00Z,ACO.P1.H1.GAEO1.015,11.099
2020-12-02T17:00:00Z,ACO.P1.H1.GAEO1.015,11.804
2020-12-03T17:00:00Z,ACO.P1.H1.GAEO1.015,1.133
2020-11-26T17:00:00Z,ACO.P1.H1.GAEO1.016,8.786
2020-11-27T17:00:00Z,ACO.P1.H1.GAEO1.016,3.341
2020-11-28T17:00:00Z,ACO.P1.H1.GAEO1.016,0.0
2020-11-29T17:00:00Z,ACO.P1.H1.GAEO1.016,6.012
2020-11-30T17:00:00Z,ACO.P1.H1.GAEO1.016,8.432
2020-12-01T17:00:00Z,ACO.P1.H1.GAEO1.016,11.075
2020-12-02T17:00:00Z,ACO.P1.H1.GAEO1.016,6.714
2020-12-03T17:00:00Z,ACO.P1.H1.GAEO1.016,1.128
2020-11-26T17:00:00Z,ACO.P1.H1.GAEO1.018,8.811
2020-11-27T17:00:00Z,ACO.P1.H1.GAEO1.018,0.0
2020-11-28T17:00:00Z,ACO.P1.H1.GAEO1.018,0.0
2020-11-29T17:00:00Z,ACO.P1.H1.GAEO1.018,9.235
2020-11-30T17:00:00Z,ACO.P1.H1.GAEO1.018,9.238
2020-12-01T17:00:00Z,ACO.P1.H1.GAEO1.018,9.144
2020-12-02T17:00:00Z,ACO.P1.H1.GAEO1.018,9.051
2020-12-03T17:00:00Z,ACO.P1.H1.GAEO1.018,0.41
2020-11-27T17:00:00Z,ACO.P1.H1.GAEO1.025,3.801
2020-11-28T17:00:00Z,ACO.P1.H1.GAEO1.025,0.0
2020-11-29T17:00:00Z,ACO.P1.H1.GAEO1.025,17.896
2020-11-30T17:00:00Z,ACO.P1.H1.GAEO1.025,17.142
2020-12-01T17:00:00Z,ACO.P1.H1.GAEO1.025,17.908
2020-12-02T17:00:00Z,ACO.P1.H1.GAEO1.025,17.515
2020-12-03T17:00:00Z,ACO.P1.H1.GAEO1.025,1.678
2020-11-26T17:00:00Z,ACO.P1.H1.GAEO1.026,7.508
2020-11-27T17:00:00Z,ACO.P1.H1.GAEO1.026,14.091
2020-11-28T17:00:00Z,ACO.P1.H1.GAEO1.026,18.162
2020-11-29T17:00:00Z,ACO.P1.H1.GAEO1.026,13.417
2020-11-30T17:00:00Z,ACO.P1.H1.GAEO1.026,8.918
2020-12-01T17:00:00Z,ACO.P1.H1.GAEO1.026,3.062
2020-12-02T17:00:00Z,ACO.P1.H1.GAEO1.026,0.13
2020-12-03T17:00:00Z,ACO.P1.H1.GAEO1.026,0.0
2020-11-26T17:00:00Z,ACO.P1.H1.GAEO1.027,11.269
2020-11-27T17:00:00Z,ACO.P1.H1.GAEO1.027,18.519
2020-11-28T17:00:00Z,ACO.P1.H1.GAEO1.027,18.669
2020-11-29T17:00:00Z,ACO.P1.H1.GAEO1.027,16.324
2020-11-30T17:00:00Z,ACO.P1.H1.GAEO1.027,8.964
2020-12-01T17:00:00Z,ACO.P1.H1.GAEO1.027,17.979
2020-12-02T17:00:00Z,ACO.P1.H1.GAEO1.027,6.0
2020-12-03T17:00:00Z,ACO.P1.H1.GAEO1.027,1.987
2020-11-26T17:00:00Z,ACO.P1.H1.GAEO1.028,9.078
2020-11-27T17:00:00Z,ACO.P1.H1.GAEO1.028,0.0
2020-11-28T17:00:00Z,ACO.P1.H1.GAEO1.028,0.0
2020-11-29T17:00:00Z,ACO.P1.H1.GAEO1.028,10.297
2020-11-30T17:00:00Z,ACO.P1.H1.GAEO1.028,9.663
2020-12-01T17:00:00Z,ACO.P1.H1.GAEO1.028,10.504
2020-12-02T17:00:00Z,ACO.P1.H1.GAEO1.028,10.012
2020-12-03T17:00:00Z,ACO.P1.H1.GAEO1.028,1.54
2020-11-26T17:00:00Z,ACO.P1.H1.GAEO1.029,9.278
2020-11-27T17:00:00Z,ACO.P1.H1.GAEO1.029,0.0
2020-11-28T17:00:00Z,ACO.P1.H1.GAEO1.029,0.0
2020-11-29T17:00:00Z,ACO.P1.H1.GAEO1.029,11.481
2020-11-30T17:00:00Z,ACO.P1.H1.GAEO1.029,11.332
2020-12-01T17:00:00Z,ACO.P1.H1.GAEO1.029,11.931
2020-12-02T17:00:00Z,ACO.P1.H1.GAEO1.029,11.05
2020-12-03T17:00:00Z,ACO.P1.H1.GAEO1.029,1.908
2020-11-26T17:00:00Z,ACO.P1.H1.GAIT0.002,0.0
2020-11-27T17:00:00Z,ACO.P1.H1.GAIT0.002,0.0
2020-11-28T17:00:00Z,ACO.P1.H1.GAIT0.002,0.0
2020-11-29T17:00:00Z,ACO.P1.H1.GAIT0.002,0.0
2020-11-30T17:00:00Z,ACO.P1.H1.GAIT0.002,1.67
2020-12-01T17:00:00Z,ACO.P1.H1.GAIT0.002,0.575
2020-12-02T17:00:00Z,ACO.P1.H1.GAIT0.002,1.985
2020-12-03T17:00:00Z,ACO.P1.H1.GAIT0.002,0.29
2020-11-26T17:00:00Z,ACO.P1.H1.GAIT0.003,0.0
2020-11-27T17:00:00Z,ACO.P1.H1.GAIT0.003,0.0
2020-11-28T17:00:00Z,ACO.P1.H1.GAIT0.003,0.0
2020-11-29T17:00:00Z,ACO.P1.H1.GAIT0.003,1.304
2020-11-30T17:00:00Z,ACO.P1.H1.GAIT0.003,2.568
2020-12-01T17:00:00Z,ACO.P1.H1.GAIT0.003,2.474
2020-12-02T17:00:00Z,ACO.P1.H1.GAIT0.003,0.0
2020-12-03T17:00:00Z,ACO.P1.H1.GAIT0.003,0.013
2020-11-26T17:00:00Z,ACO.P1.H1.GAIT0.004,15.994
2020-11-27T17:00:00Z,ACO.P1.H1.GAIT0.004,23.997
2020-11-28T17:00:00Z,ACO.P1.H1.GAIT0.004,23.998
2020-11-29T17:00:00Z,ACO.P1.H1.GAIT0.004,7.708
2020-11-30T17:00:00Z,ACO.P1.H1.GAIT0.004,2.458
2020-12-01T17:00:00Z,ACO.P1.H1.GAIT0.004,0.714
2020-12-02T17:00:00Z,ACO.P1.H1.GAIT0.004,0.0
2020-12-03T17:00:00Z,ACO.P1.H1.GAIT0.004,0.0
2020-11-26T17:00:00Z,ACO.P1.H1.GAIT0.007,3.014
2020-11-27T17:00:00Z,ACO.P1.H1.GAIT0.007,0.0
2020-11-28T17:00:00Z,ACO.P1.H1.GAIT0.007,0.0
2020-11-29T17:00:00Z,ACO.P1.H1.GAIT0.007,15.077
2020-11-30T17:00:00Z,ACO.P1.H1.GAIT0.007,9.901
2020-12-01T17:00:00Z,ACO.P1.H1.GAIT0.007,4.325
2020-12-02T17:00:00Z,ACO.P1.H1.GAIT0.007,3.584
2020-12-03T17:00:00Z,ACO.P1.H1.GAIT0.007,0.954
2020-11-26T17:00:00Z,ACO.P1.H1.IT000.001,0.0
2020-11-27T17:00:00Z,ACO.P1.H1.IT000.001,0.0
2020-11-28T17:00:00Z,ACO.P1.H1.IT000.001,0.0
2020-11-29T17:00:00Z,ACO.P1.H1.IT000.001,0.0
2020-11-30T17:00:00Z,ACO.P1.H1.IT000.001,0.0
2020-12-01T17:00:00Z,ACO.P1.H1.IT000.001,0.0
2020-12-02T17:00:00Z,ACO.P1.H1.IT000.001,0.0
2020-12-03T17:00:00Z,ACO.P1.H1.IT000.001,0.0
2020-11-26T17:00:00Z,ACO.P1.H1.IT000.008,7.141
2020-11-27T17:00:00Z,ACO.P1.H1.IT000.008,4.415
2020-11-28T17:00:00Z,ACO.P1.H1.IT000.008,2.219
2020-11-29T17:00:00Z,ACO.P1.H1.IT000.008,2.192
2020-11-30T17:00:00Z,ACO.P1.H1.IT000.008,7.531
2020-12-01T17:00:00Z,ACO.P1.H1.IT000.008,2.993
2020-12-02T17:00:00Z,ACO.P1.H1.IT000.008,3.657
2020-12-03T17:00:00Z,ACO.P1.H1.IT000.008,1.317
2020-11-26T17:00:00Z,ACO.P1.H1.IT000.010,0.0
2020-11-27T17:00:00Z,ACO.P1.H1.IT000.010,0.0
2020-11-28T17:00:00Z,ACO.P1.H1.IT000.010,0.0
2020-11-29T17:00:00Z,ACO.P1.H1.IT000.010,0.0
2020-11-30T17:00:00Z,ACO.P1.H1.IT000.010,0.0
2020-12-01T17:00:00Z,ACO.P1.H1.IT000.010,0.0
2020-12-02T17:00:00Z,ACO.P1.H1.IT000.010,0.0
2020-12-03T17:00:00Z,ACO.P1.H1.IT000.010,0.0
2020-11-26T17:00:00Z,ACO.P1.H1.P1PAY.019,4.655
2020-11-27T17:00:00Z,ACO.P1.H1.P1PAY.019,8.915
2020-11-28T17:00:00Z,ACO.P1.H1.P1PAY.019,6.701
2020-11-29T17:00:00Z,ACO.P1.H1.P1PAY.019,13.633
2020-11-30T17:00:00Z,ACO.P1.H1.P1PAY.019,10.199
2020-12-01T17:00:00Z,ACO.P1.H1.P1PAY.019,14.687
2020-12-02T17:00:00Z,ACO.P1.H1.P1PAY.019,10.892
2020-12-03T17:00:00Z,ACO.P1.H1.P1PAY.019,5.567
2020-11-26T17:00:00Z,ACO.P1.H1.P1PAY.020,15.992
2020-11-27T17:00:00Z,ACO.P1.H1.P1PAY.020,23.997
2020-11-28T17:00:00Z,ACO.P1.H1.P1PAY.020,23.997
2020-11-29T17:00:00Z,ACO.P1.H1.P1PAY.020,23.855
2020-11-30T17:00:00Z,ACO.P1.H1.P1PAY.020,23.345
2020-12-01T17:00:00Z,ACO.P1.H1.P1PAY.020,23.817
2020-12-02T17:00:00Z,ACO.P1.H1.P1PAY.020,23.894
2020-12-03T17:00:00Z,ACO.P1.H1.P1PAY.020,5.999
2020-11-26T17:00:00Z,ACO.P1.H1.P1PAY.021,10.94
2020-11-27T17:00:00Z,ACO.P1.H1.P1PAY.021,23.999
2020-11-28T17:00:00Z,ACO.P1.H1.P1PAY.021,23.997
2020-11-29T17:00:00Z,ACO.P1.H1.P1PAY.021,21.804
2020-11-30T17:00:00Z,ACO.P1.H1.P1PAY.021,22.157
2020-12-01T17:00:00Z,ACO.P1.H1.P1PAY.021,19.779
2020-12-02T17:00:00Z,ACO.P1.H1.P1PAY.021,5.999
2020-12-03T17:00:00Z,ACO.P1.H1.P1PAY.021,1.989
2020-11-26T17:00:00Z,ACO.P1.H1.P1PAY.022,10.685
2020-11-27T17:00:00Z,ACO.P1.H1.P1PAY.022,15.8
2020-11-28T17:00:00Z,ACO.P1.H1.P1PAY.022,20.711
2020-11-29T17:00:00Z,ACO.P1.H1.P1PAY.022,9.836
2020-11-30T17:00:00Z,ACO.P1.H1.P1PAY.022,15.389
2020-12-01T17:00:00Z,ACO.P1.H1.P1PAY.022,15.996
2020-12-02T17:00:00Z,ACO.P1.H1.P1PAY.022,5.703
2020-12-03T17:00:00Z,ACO.P1.H1.P1PAY.022,1.267
2020-11-26T17:00:00Z,ACO.P1.H1.P1PAY.023,14.725
2020-11-27T17:00:00Z,ACO.P1.H1.P1PAY.023,23.879
2020-11-28T17:00:00Z,ACO.P1.H1.P1PAY.023,23.263
2020-11-29T17:00:00Z,ACO.P1.H1.P1PAY.023,21.629
2020-11-30T17:00:00Z,ACO.P1.H1.P1PAY.023,10.826
2020-12-01T17:00:00Z,ACO.P1.H1.P1PAY.023,0.0
2020-12-02T17:00:00Z,ACO.P1.H1.P1PAY.023,0.0
2020-12-03T17:00:00Z,ACO.P1.H1.P1PAY.023,1.808
2020-11-26T17:00:00Z,ACO.P1.H1.P1PAY.024,0.731
2020-11-27T17:00:00Z,ACO.P1.H1.P1PAY.024,15.216
2020-11-28T17:00:00Z,ACO.P1.H1.P1PAY.024,5.232
2020-11-29T17:00:00Z,ACO.P1.H1.P1PAY.024,0.06
2020-11-30T17:00:00Z,ACO.P1.H1.P1PAY.024,8.408
2020-12-01T17:00:00Z,ACO.P1.H1.P1PAY.024,10.341
2020-12-02T17:00:00Z,ACO.P1.H1.P1PAY.024,3.862
2020-12-03T17:00:00Z,ACO.P1.H1.P1PAY.024,7.892
2020-11-26T17:00:00Z,ACO.P1.H2.GAIT0.003,0.021
2020-11-27T17:00:00Z,ACO.P1.H2.GAIT0.003,0.0
2020-11-28T17:00:00Z,ACO.P1.H2.GAIT0.003,0.0
2020-11-29T17:00:00Z,ACO.P1.H2.GAIT0.003,7.134
2020-11-30T17:00:00Z,ACO.P1.H2.GAIT0.003,3.382
2020-12-01T17:00:00Z,ACO.P1.H2.GAIT0.003,1.81
2020-12-02T17:00:00Z,ACO.P1.H2.GAIT0.003,1.099
2020-12-03T17:00:00Z,ACO.P1.H2.GAIT0.003,0.0
2020-11-26T17:00:00Z,ACO.P1.H2.IT000.004,0.0
2020-11-27T17:00:00Z,ACO.P1.H2.IT000.004,0.0
2020-11-28T17:00:00Z,ACO.P1.H2.IT000.004,0.0
2020-11-29T17:00:00Z,ACO.P1.H2.IT000.004,0.612
2020-11-30T17:00:00Z,ACO.P1.H2.IT000.004,0.0
2020-12-01T17:00:00Z,ACO.P1.H2.IT000.004,0.0
2020-12-02T17:00:00Z,ACO.P1.H2.IT000.004,0.0
2020-12-03T17:00:00Z,ACO.P1.H2.IT000.004,0.0
2020-11-26T17:00:00Z,ACO.P1.H2.PUTS0.007,9.369
2020-11-27T17:00:00Z,ACO.P1.H2.PUTS0.007,0.0
2020-11-28T17:00:00Z,ACO.P1.H2.PUTS0.007,0.0
2020-11-29T17:00:00Z,ACO.P1.H2.PUTS0.007,10.836
2020-11-30T17:00:00Z,ACO.P1.H2.PUTS0.007,9.639
2020-12-01T17:00:00Z,ACO.P1.H2.PUTS0.007,12.003
2020-12-02T17:00:00Z,ACO.P1.H2.PUTS0.007,11.241
2020-12-03T17:00:00Z,ACO.P1.H2.PUTS0.007,0.0
2020-11-26T17:00:00Z,ACO.P1.H2.PUTS0.008,9.307
2020-11-29T17:00:00Z,ACO.P1.H2.PUTS0.008,10.998
2020-11-30T17:00:00Z,ACO.P1.H2.PUTS0.008,11.61
2020-12-01T17:00:00Z,ACO.P1.H2.PUTS0.008,11.944
2020-12-02T17:00:00Z,ACO.P1.H2.PUTS0.008,11.169
2020-12-03T17:00:00Z,ACO.P1.H2.PUTS0.008,1.374
2020-11-26T17:00:00Z,ACO.P1.H3.GAEO1.003,9.112
2020-11-27T17:00:00Z,ACO.P1.H3.GAEO1.003,10.476
2020-11-28T17:00:00Z,ACO.P1.H3.GAEO1.003,9.779
2020-11-29T17:00:00Z,ACO.P1.H3.GAEO1.003,0.0
2020-11-30T17:00:00Z,ACO.P1.H3.GAEO1.003,0.0
2020-12-01T17:00:00Z,ACO.P1.H3.GAEO1.003,0.0
2020-12-02T17:00:00Z,ACO.P1.H3.GAEO1.003,0.0
2020-12-03T17:00:00Z,ACO.P1.H3.GAEO1.003,0.504
2020-11-26T17:00:00Z,ACO.P1.H3.GAEO1.004,9.116
2020-11-27T17:00:00Z,ACO.P1.H3.GAEO1.004,10.476
2020-11-28T17:00:00Z,ACO.P1.H3.GAEO1.004,0.0
2020-11-29T17:00:00Z,ACO.P1.H3.GAEO1.004,9.589
2020-11-30T17:00:00Z,ACO.P1.H3.GAEO1.004,10.473
2020-12-01T17:00:00Z,ACO.P1.H3.GAEO1.004,0.0
2020-12-02T17:00:00Z,ACO.P1.H3.GAEO1.004,0.0
2020-12-03T17:00:00Z,ACO.P1.H3.GAEO1.004,1.3
2020-11-26T17:00:00Z,ACO.P1.H3.GAEO1.005,9.116
2020-11-27T17:00:00Z,ACO.P1.H3.GAEO1.005,10.078
2020-11-28T17:00:00Z,ACO.P1.H3.GAEO1.005,9.755
2020-11-29T17:00:00Z,ACO.P1.H3.GAEO1.005,10.157
2020-11-30T17:00:00Z,ACO.P1.H3.GAEO1.005,10.474
2020-12-01T17:00:00Z,ACO.P1.H3.GAEO1.005,10.466
2020-12-02T17:00:00Z,ACO.P1.H3.GAEO1.005,10.471
2020-11-26T17:00:00Z,ACO.P1.H3.GAEO1.006,9.115
2020-11-27T17:00:00Z,ACO.P1.H3.GAEO1.006,4.231
2020-11-28T17:00:00Z,ACO.P1.H3.GAEO1.006,0.0
2020-11-29T17:00:00Z,ACO.P1.H3.GAEO1.006,9.792
2020-12-01T17:00:00Z,ACO.P1.H3.GAEO1.006,10.131
2020-12-02T17:00:00Z,ACO.P1.H3.GAEO1.006,10.471
2020-12-03T17:00:00Z,ACO.P1.H3.GAEO1.006,1.355
2020-11-26T17:00:00Z,ACO.P1.H3.GAEO1.007,9.116
2020-11-28T17:00:00Z,ACO.P1.H3.GAEO1.007,0.0
2020-11-29T17:00:00Z,ACO.P1.H3.GAEO1.007,7.249
2020-11-30T17:00:00Z,ACO.P1.H3.GAEO1.007,10.472
2020-12-02T17:00:00Z,ACO.P1.H3.GAEO1.007,10.469
2020-12-03T17:00:00Z,ACO.P1.H3.GAEO1.007,1.354
2020-11-27T17:00:00Z,ACO.P1.H3.GAEO1.008,4.3
2020-11-28T17:00:00Z,ACO.P1.H3.GAEO1.008,0.041
2020-11-29T17:00:00Z,ACO.P1.H3.GAEO1.008,9.695
2020-11-30T17:00:00Z,ACO.P1.H3.GAEO1.008,10.474
2020-12-01T17:00:00Z,ACO.P1.H3.GAEO1.008,10.466
2020-12-02T17:00:00Z,ACO.P1.H3.GAEO1.008,10.472
2020-12-03T17:00:00Z,ACO.P1.H3.GAEO1.008,1.356
2020-11-26T17:00:00Z,ACO.P1.H3.GAEO1.009,9.109
2020-11-27T17:00:00Z,ACO.P1.H3.GAEO1.009,4.263
2020-11-28T17:00:00Z,ACO.P1.H3.GAEO1.009,0.0
2020-11-29T17:00:00Z,ACO.P1.H3.GAEO1.009,5.413
2020-11-30T17:00:00Z,ACO.P1.H3.GAEO1.009,2.13
2020-12-01T17:00:00Z,ACO.P1.H3.GAEO1.009,8.054
2020-12-02T17:00:00Z,ACO.P1.H3.GAEO1.009,10.0
2020-12-03T17:00:00Z,ACO.P1.H3.GAEO1.009,1.362
2020-11-26T17:00:00Z,ACO.P1.H4.GAEO1.002,9.991
2020-11-29T17:00:00Z,ACO.P1.H4.GAEO1.002,11.335
2020-11-30T17:00:00Z,ACO.P1.H4.GAEO1.002,12.982
2020-12-01T17:00:00Z,ACO.P1.H4.GAEO1.002,11.597
2020-12-02T17:00:00Z,ACO.P1.H4.GAEO1.002,10.643
2020-12-03T17:00:00Z,ACO.P1.H4.GAEO1.002,0.911
2020-11-26T17:00:00Z,ACO.P1.H4.GAEO1.004,8.825
2020-11-29T17:00:00Z,ACO.P1.H4.GAEO1.004,12.716
2020-11-30T17:00:00Z,ACO.P1.H4.GAEO1.004,12.943
2020-12-01T17:00:00Z,ACO.P1.H4.GAEO1.004,12.941
2020-12-02T17:00:00Z,ACO.P1.H4.GAEO1.004,12.964
2020-12-03T17:00:00Z,ACO.P1.H4.GAEO1.004,0.911
2020-11-26T17:00:00Z,ACO.P1.H4.GAEO1.005,12.064
2020-11-29T17:00:00Z,ACO.P1.H4.GAEO1.005,12.982
2020-11-30T17:00:00Z,ACO.P1.H4.GAEO1.005,12.982
2020-12-01T17:00:00Z,ACO.P1.H4.GAEO1.005,12.983
2020-12-02T17:00:00Z,ACO.P1.H4.GAEO1.005,12.982
2020-12-03T17:00:00Z,ACO.P1.H4.GAEO1.005,0.913
2020-11-26T17:00:00Z,ACO.P1.H4.GAEO1.006,3.684
2020-11-29T17:00:00Z,ACO.P1.H4.GAEO1.006,0.0
2020-11-30T17:00:00Z,ACO.P1.H4.GAEO1.006,7.537
2020-12-01T17:00:00Z,ACO.P1.H4.GAEO1.006,9.636
2020-12-02T17:00:00Z,ACO.P1.H4.GAEO1.006,4.017
2020-12-03T17:00:00Z,ACO.P1.H4.GAEO1.006,0.878
2020-11-26T17:00:00Z,ACO.P1.H4.GAEO1.007,7.814
2020-11-29T17:00:00Z,ACO.P1.H4.GAEO1.007,1.129
2020-11-30T17:00:00Z,ACO.P1.H4.GAEO1.007,2.487
2020-12-01T17:00:00Z,ACO.P1.H4.GAEO1.007,1.779
2020-12-02T17:00:00Z,ACO.P1.H4.GAEO1.007,10.107
2020-12-03T17:00:00Z,ACO.P1.H4.GAEO1.007,0.914
2020-11-26T17:00:00Z,ACO.P1.H4.GAEO1.008,12.066
2020-11-29T17:00:00Z,ACO.P1.H4.GAEO1.008,9.613
2020-12-01T17:00:00Z,ACO.P1.H4.GAEO1.008,8.727
2020-12-02T17:00:00Z,ACO.P1.H4.GAEO1.008,7.515
2020-12-03T17:00:00Z,ACO.P1.H4.GAEO1.008,0.911
2020-11-26T17:00:00Z,ACO.P1.H4.GAEO1.009,7.274
2020-11-29T17:00:00Z,ACO.P1.H4.GAEO1.009,5.904
2020-11-30T17:00:00Z,ACO.P1.H4.GAEO1.009,6.723
2020-12-01T17:00:00Z,ACO.P1.H4.GAEO1.009,7.194
2020-12-02T17:00:00Z,ACO.P1.H4.GAEO1.009,6.812
2020-12-03T17:00:00Z,ACO.P1.H4.GAEO1.009,0.91
2020-11-26T17:00:00Z,ACO.P1.H4.GAHR0.035,11.602
2020-11-29T17:00:00Z,ACO.P1.H4.GAHR0.035,12.982
2020-11-30T17:00:00Z,ACO.P1.H4.GAHR0.035,12.982
2020-12-01T17:00:00Z,ACO.P1.H4.GAHR0.035,12.984
2020-12-02T17:00:00Z,ACO.P1.H4.GAHR0.035,9.815
2020-12-03T17:00:00Z,ACO.P1.H4.GAHR0.035,0.0
2020-11-26T17:00:00Z,ACO.P1.H4.GAHR0.036,8.264
2020-11-29T17:00:00Z,ACO.P1.H4.GAHR0.036,4.457
2020-11-30T17:00:00Z,ACO.P1.H4.GAHR0.036,7.556
2020-12-01T17:00:00Z,ACO.P1.H4.GAHR0.036,7.621
2020-12-02T17:00:00Z,ACO.P1.H4.GAHR0.036,5.777
2020-12-03T17:00:00Z,ACO.P1.H4.GAHR0.036,0.78
2020-11-26T17:00:00Z,ACO.P1.H4.GAHR0.037,12.066
2020-11-29T17:00:00Z,ACO.P1.H4.GAHR0.037,12.982
2020-11-30T17:00:00Z,ACO.P1.H4.GAHR0.037,12.981
2020-12-01T17:00:00Z,ACO.P1.H4.GAHR0.037,12.981
2020-12-02T17:00:00Z,ACO.P1.H4.GAHR0.037,12.982
2020-12-03T17:00:00Z,ACO.P1.H4.GAHR0.037,0.911
2020-11-26T17:00:00Z,ACO.P1.H4.HR000.018,0.0
2020-11-29T17:00:00Z,ACO.P1.H4.HR000.018,0.443
2020-11-30T17:00:00Z,ACO.P1.H4.HR000.018,0.0
2020-12-01T17:00:00Z,ACO.P1.H4.HR000.018,0.0
2020-12-02T17:00:00Z,ACO.P1.H4.HR000.018,0.16
2020-12-03T17:00:00Z,ACO.P1.H4.HR000.018,0.0
2020-11-26T17:00:00Z,ACO.P1.H4.HR000.020,12.059
2020-11-29T17:00:00Z,ACO.P1.H4.HR000.020,11.769
2020-11-30T17:00:00Z,ACO.P1.H4.HR000.020,12.497
2020-12-01T17:00:00Z,ACO.P1.H4.HR000.020,9.639
2020-12-02T17:00:00Z,ACO.P1.H4.HR000.020,12.598
2020-12-03T17:00:00Z,ACO.P1.H4.HR000.020,0.911
2020-11-26T17:00:00Z,ACO.P1.H4.HR000.038,12.068
2020-11-29T17:00:00Z,ACO.P1.H4.HR000.038,12.982
2020-11-30T17:00:00Z,ACO.P1.H4.HR000.038,12.981
2020-12-01T17:00:00Z,ACO.P1.H4.HR000.038,12.983
2020-12-02T17:00:00Z,ACO.P1.H4.HR000.038,12.984
2020-12-03T17:00:00Z,ACO.P1.H4.HR000.038,0.91
2020-11-26T17:00:00Z,ACO.P1.H4.HR000.040,0.0
2020-11-29T17:00:00Z,ACO.P1.H4.HR000.040,12.982
2020-11-30T17:00:00Z,ACO.P1.H4.HR000.040,12.981
2020-12-01T17:00:00Z,ACO.P1.H4.HR000.040,12.982
2020-12-02T17:00:00Z,ACO.P1.H4.HR000.040,3.208
2020-12-03T17:00:00Z,ACO.P1.H4.HR000.040,0.0
2020-11-26T17:00:00Z,ACO.P1.H4.HR000.042,11.437
2020-11-29T17:00:00Z,ACO.P1.H4.HR000.042,0.851
2020-11-30T17:00:00Z,ACO.P1.H4.HR000.042,0.472
2020-12-01T17:00:00Z,ACO.P1.H4.HR000.042,0.403
2020-12-02T17:00:00Z,ACO.P1.H4.HR000.042,0.255
2020-12-03T17:00:00Z,ACO.P1.H4.HR000.042,0.0
2020-11-26T17:00:00Z,ACO.P1.H4.IRE00.021,0.0
2020-11-29T17:00:00Z,ACO.P1.H4.IRE00.021,0.034
2020-11-30T17:00:00Z,ACO.P1.H4.IRE00.021,0.033
2020-12-01T17:00:00Z,ACO.P1.H4.IRE00.021,0.033
2020-12-02T17:00:00Z,ACO.P1.H4.IRE00.021,0.035
2020-12-03T17:00:00Z,ACO.P1.H4.IRE00.021,0.033
2020-11-26T17:00:00Z,ACO.P1.H4.IRE00.024,0.0
2020-11-29T17:00:00Z,ACO.P1.H4.IRE00.024,0.0
2020-11-30T17:00:00Z,ACO.P1.H4.IRE00.024,0.0
2020-12-01T17:00:00Z,ACO.P1.H4.IRE00.024,0.0
2020-12-02T17:00:00Z,ACO.P1.H4.IRE00.024,0.0
2020-12-03T17:00:00Z,ACO.P1.H4.IRE00.024,0.846
2020-11-26T17:00:00Z,ACO.P1.H4.IRE00.025,12.083
2020-11-29T17:00:00Z,ACO.P1.H4.IRE00.025,12.981
2020-11-30T17:00:00Z,ACO.P1.H4.IRE00.025,12.981
2020-12-01T17:00:00Z,ACO.P1.H4.IRE00.025,12.98
2020-12-02T17:00:00Z,ACO.P1.H4.IRE00.025,12.982
2020-12-03T17:00:00Z,ACO.P1.H4.IRE00.025,0.898
2020-11-26T17:00:00Z,ACO.P1.H4.SI000.017,12.08
2020-11-29T17:00:00Z,ACO.P1.H4.SI000.017,12.974
2020-11-30T17:00:00Z,ACO.P1.H4.SI000.017,12.96
2020-12-01T17:00:00Z,ACO.P1.H4.SI000.017,12.982
2020-12-02T17:00:00Z,ACO.P1.H4.SI000.017,12.946
2020-12-03T17:00:00Z,ACO.P1.H4.SI000.017,0.873
2020-11-26T17:00:00Z,ACO.P1.H5.BC000.030,0.772
2020-11-30T17:00:00Z,ACO.P1.H5.BC000.030,3.913
2020-12-01T17:00:00Z,ACO.P1.H5.BC000.030,0.304
2020-12-02T17:00:00Z,ACO.P1.H5.BC000.030,0.0
2020-12-03T17:00:00Z,ACO.P1.H5.BC000.030,0.0
2020-11-26T17:00:00Z,ACO.P1.H5.BC000.031,0.804
2020-11-29T17:00:00Z,ACO.P1.H5.BC000.031,5.21
2020-11-30T17:00:00Z,ACO.P1.H5.BC000.031,3.854
2020-12-01T17:00:00Z,ACO.P1.H5.BC000.031,0.0
2020-12-02T17:00:00Z,ACO.P1.H5.BC000.031,0.0
2020-12-03T17:00:00Z,ACO.P1.H5.BC000.031,0.0
2020-11-26T17:00:00Z,ACO.P1.H5.GAEO1.003,7.996
2020-11-29T17:00:00Z,ACO.P1.H5.GAEO1.003,9.981
2020-11-30T17:00:00Z,ACO.P1.H5.GAEO1.003,9.982
2020-12-01T17:00:00Z,ACO.P1.H5.GAEO1.003,9.982
2020-12-02T17:00:00Z,ACO.P1.H5.GAEO1.003,7.905
2020-12-03T17:00:00Z,ACO.P1.H5.GAEO1.003,0.974
2020-11-26T17:00:00Z,ACO.P1.H5.GAEO1.006,4.421
2020-11-29T17:00:00Z,ACO.P1.H5.GAEO1.006,2.232
2020-11-30T17:00:00Z,ACO.P1.H5.GAEO1.006,4.952
2020-12-01T17:00:00Z,ACO.P1.H5.GAEO1.006,3.809
2020-12-02T17:00:00Z,ACO.P1.H5.GAEO1.006,0.791
2020-12-03T17:00:00Z,ACO.P1.H5.GAEO1.006,0.69
2020-11-26T17:00:00Z,ACO.P1.H5.GAEO1.007,8.591
2020-11-29T17:00:00Z,ACO.P1.H5.GAEO1.007,9.979
2020-11-30T17:00:00Z,ACO.P1.H5.GAEO1.007,9.982
2020-12-01T17:00:00Z,ACO.P1.H5.GAEO1.007,9.984
2020-12-02T17:00:00Z,ACO.P1.H5.GAEO1.007,9.982
2020-12-03T17:00:00Z,ACO.P1.H5.GAEO1.007,0.972
2020-11-26T17:00:00Z,ACO.P1.H5.RMCIA.013,2.946
2020-11-29T17:00:00Z,ACO.P1.H5.RMCIA.013,2.861
2020-11-30T17:00:00Z,ACO.P1.H5.RMCIA.013,5.405
2020-12-01T17:00:00Z,ACO.P1.H5.RMCIA.013,5.134
2020-12-02T17:00:00Z,ACO.P1.H5.RMCIA.013,3.764
2020-12-03T17:00:00Z,ACO.P1.H5.RMCIA.013,0.825
